axial,tangencial,radial
0.0123008,-0.0512362,0.0832369
-0.0621962,0.0487613,0.0658118
0.0585282,-0.0233148,0.073498